rank,parent_asin,review_count,mean_rating,negative_share,negative_helpful_votes,historical_rating,recent_rating,rating_change,verified_share,risk_score
1,B019VM3CPW,408,3.784314,0.262255,222,3.788698,2.000000,-1.788698,0.784314,28.179565
2,B074TWL5HV,2329,3.220696,0.378703,452,3.397380,3.106157,-0.291223,0.981967,26.979528
3,B073D254G5,1163,3.355976,0.360275,153,3.747475,3.221709,-0.525766,0.955288,23.427239
4,B07KCN4G6T,5844,3.691307,0.265743,580,3.917935,3.587163,-0.330772,0.976044,22.589645
5,B0BS66M37H,373,3.375335,0.335121,376,3.652632,3.087432,-0.565200,0.983914,21.541637
6,B07V33GN1Q,726,3.407713,0.331956,183,3.898551,3.356164,-0.542386,0.961433,20.966450
7,B075B41Y9Z,1451,3.521020,0.290145,222,3.692872,3.191147,-0.501725,0.986216,20.325653
8,B0BN9DY5FV,4628,3.789974,0.234010,280,4.217129,3.696762,-0.520367,0.987900,19.933856
9,B075ZTS57G,89,2.550562,0.584270,25,3.187500,2.410959,-0.776541,0.898876,19.888327
10,B000M85KOQ,51,2.843137,0.470588,13,2.880000,1.000000,-1.880000,0.960784,19.487506
